{"Epoch": 99, "Train Loss": 1.2052482652295988, "Val Loss": 1.2276496636963121, "_timestamp": 1728048499.001091, "_runtime": 1386.6738710403442, "_step": 99, "_wandb": {"runtime": 1386}}