{"Epoch": 999, "Train Loss": 0.03389469689245072, "Val Loss": 0.03506997146996782, "_timestamp": 1728055937.3701901, "_runtime": 6059.594611167908, "_step": 1099}