{"target_mean": -328.5643310546875, "feat_mean": [125.10335540771484, 51.595279693603516, 2.4121415615081787, 9.324187278747559], "edge_mean": 4.567811012268066, "target_std": 0.5038744807243347, "edge_std": 0.5633974671363831, "feat_std": [10.834986686706543, 4.105227470397949, 0.043215081095695496, 0.22275754809379578], "scale": 1.0}